{
    "network_metrics": {
        "names": [
            "inceptionv3_avgpool",
            "clip_final",
            "alexnet_2",
            "alexnet_5",
            "efficientnet_avgpool",
            "swav_avgpool"
        ],
        "pairwise_correlations": [],
        "distances": [
            0.9776511415553978,
            0.6762507752329111
        ]
    },
    "image_metrics": {
        "pixel_correlation_mean": 0.14953321558731172,
        "ssim_mean": 0.24872909494892917,
        "pixel_correlation_all": [
            0.5496622061603739,
            0.5422557906747317,
            0.19436393389868883,
            0.16087015692020562,
            0.30395753941475434,
            -0.14779232877370743,
            0.19685086849901295,
            0.2668895365143094,
            -0.07883938836998874,
            -0.02863481210697857,
            0.0788987216512189,
            0.14137573211116294,
            0.2652029391893005,
            0.11626991445211977,
            -0.24536091309680697,
            0.1527482741633546,
            -0.15407431257097,
            -0.054353427434104304,
            0.1497953899288691,
            0.007567036001815968,
            -0.08884426452111538,
            -0.1337546947920113,
            -0.06407033206813585,
            0.2835593663194301,
            -0.006260699538503227,
            -0.21613865030049753,
            0.02136947475263918,
            -0.01589755509820726,
            0.2608888230646561,
            0.07283258387720541,
            0.1558945959360147,
            0.08056941046225563,
            0.16298111435286167,
            0.04816205385163136,
            -0.5572653712040637,
            0.45967114084055605,
            0.1469503255312332,
            0.1975057137993066,
            -0.061107322686977224,
            0.4326104805885646,
            0.18763322233689453,
            0.39483642835717137,
            0.1745312752990244,
            0.18377147096391389,
            -0.3844369310115485,
            0.16304712640206523,
            0.038420652332416316,
            0.5099224835924749,
            0.6212173284893853,
            0.18127795561245205,
            0.15294128100601692,
            0.14551908343050463,
            0.009684986992246748,
            0.020405828999672516,
            0.08467380316445844,
            0.4376763811022433,
            0.41129807794664747,
            -0.07515541911995739,
            0.34309406286592387,
            0.5741564050048118,
            0.5134416625856185,
            0.6615927454588699,
            0.05611567755097049,
            0.08631424831733729,
            0.23443340777388866,
            -0.03609722928441195,
            0.16521829970856086,
            0.45402316102594104,
            -0.12957604055985206,
            0.03885564288944445,
            0.10536125966163226,
            -0.04563925113229082,
            -0.012410198571509717,
            0.11978421045720984,
            0.3313909987727833,
            0.27495839650482135,
            -0.13949681076121057,
            -0.055786152296868674,
            -0.09809463979574247,
            0.4386765220106509,
            0.24424340941326134,
            0.0737348215247761,
            0.08460222287605282,
            0.14787018336707203,
            0.707506504808607,
            0.5239289697262323,
            0.1054298428807801,
            0.10991821131566142,
            0.530769575367925,
            -0.26260015685636573,
            0.2690511072200721,
            -0.050323525012273385,
            -0.04426076753611676,
            -0.06848577600471861,
            0.11622395906452522,
            0.16655651937334834,
            0.3087418019712389,
            0.11380197578821831,
            -0.04654603388383295,
            0.5180941395517922,
            0.6611500722961529,
            0.14444102023146757,
            -0.0034557662911046975,
            0.025172603330590317,
            0.40149192902233977,
            0.19852857925383458,
            0.24488111066818594,
            0.033892431263258235,
            0.3395131196957826,
            -0.22891066454964015,
            0.16987600208752734,
            0.14797291375949562,
            0.19358312822095933,
            0.14937629695539015,
            0.23199401700262814,
            0.19440611880297076,
            0.4943723920001412,
            0.3021179043139372,
            0.05633076742698939,
            -0.011145247063294159,
            0.4444153853491922,
            0.027357815165421764,
            0.11369536944077493,
            0.22145600723033787,
            0.06523361180876304,
            -0.1095585167832646,
            -0.3290461773741858,
            0.1328550186436753,
            0.5638911821388947,
            0.517220332213991,
            0.1766863274049647,
            0.38923846037345117,
            0.2736794404188463,
            0.018967077616809876,
            0.021176106106858827,
            0.32272073025108555,
            -0.18911358188913624,
            0.055878964384963606,
            0.5778700990964272,
            0.048336887544851465,
            0.34243847032616215,
            0.4216455603359638,
            0.2638227147096385,
            -0.15124636466132088,
            0.08391357037656107,
            -0.12050060644018368,
            -0.09769917020524684,
            0.19796788676169275,
            0.07534977608491114,
            -0.37733766660928864,
            0.09832942141234305,
            0.5012656944842039,
            -0.022445356189846142,
            0.4318109081295043,
            0.28162377559331214,
            0.15977284966394717,
            0.0016122892343109379,
            -0.08475672979990764,
            0.1860677670369985,
            0.1292044231487479,
            0.007102423042753143,
            0.19182988013462737,
            -0.06743218882460374,
            0.09990379212662295,
            0.27077847150038137,
            0.06619807595639703,
            0.1674711910846016,
            0.14305974080119532,
            0.4793784640232894,
            0.12848293626067184,
            0.14162401460981205,
            0.7179408552062981,
            0.03433528816435063,
            0.38987021759086166,
            0.1327884066460926,
            0.21408003392805308,
            -0.11238837032151802,
            0.17753901001329364,
            0.1416669089962338,
            0.354701190123736,
            0.24478379778452733,
            0.26309527118580905,
            0.23215521686184737,
            0.2219146402554776,
            0.25890133941057475,
            0.20256884424897736,
            0.13672142617996055,
            0.10030270825120961,
            0.16634761344245028,
            0.012382490342978567,
            -0.1210565646621961,
            -0.21353482707767482,
            0.174507012402694,
            0.20006855193781536,
            0.03883621675334755,
            0.12877184414106627,
            0.35807020527704253,
            -0.022237916554404318,
            0.10850618499078951,
            0.04407279083094073
        ],